Rk,Player,Nation,Pos,Squad,Age,Born,MP,Starts,Min,90s,Gls,Ast,G+A
1,Max Aarons,eng ENG,DF,Bournemouth,24.0,2000.0,3,1,86,1.0,0,0,0
2,Joshua Acheampong,eng ENG,DF,Chelsea,18.0,2006.0,4,2,170,1.9,0,0,0
3,Tyler Adams,us USA,MF,Bournemouth,25.0,1999.0,28,21,1965,21.8,0,3,3
4,Tosin Adarabioyo,eng ENG,DF,Chelsea,26.0,1997.0,22,15,1409,15.7,1,1,2
5,Simon Adingra,ci CIV,"FW,MF",Brighton,22.0,2002.0,29,12,1097,12.2,2,2,4
6,Emmanuel Agbadou,ci CIV,DF,Wolves,27.0,1997.0,16,16,1410,15.7,1,0,1
7,Asher Agbinone,eng ENG,MF,Crystal  Palace,18.0,2005.0,2,0,6,0.1,0,0,0
8,Ola Aina,ng NGA,DF,Nott'ham  Forest,27.0,1996.0,35,35,2995,33.3,2,1,3
9,Rayan AÃ¯t-Nouri,dz ALG,DF,Wolves,23.0,2001.0,37,37,3109,34.5,4,7,11
10,Kristoffer Ajer,no NOR,DF,Brentford,26.0,1998.0,24,17,1438,16.0,0,0,0
11,Manuel Akanji,ch SUI,DF,Manchester  City,29.0,1995.0,26,23,2014,22.4,0,0,0
12,Nathan AkÃ©,nl NED,DF,Manchester  City,29.0,1995.0,10,8,678,7.5,0,0,0
13,Carlos Alcaraz,ar ARG,MF,Southampton,21.0,2002.0,1,0,10,0.1,0,0,0
15,Trent Alexander-Arnold,eng ENG,DF,Liverpool,25.0,1998.0,33,28,2365,26.3,3,6,9
16,Alisson,br BRA,GK,Liverpool,31.0,1992.0,28,28,2508,27.9,0,0,0
17,Miguel AlmirÃ³n,py PAR,FW,Newcastle  Utd,30.0,1994.0,9,1,157,1.7,0,0,0
19,Edson Ãlvarez,mx MEX,MF,West Ham,26.0,1997.0,28,20,1772,19.7,0,1,1
20,Will Alves,eng ENG,FW,Leicester  City,19.0,2005.0,1,0,1,0.0,0,0,0
21,Harry Amass,eng ENG,DF,Manchester  Utd,17.0,2007.0,5,4,346,3.8,0,0,0
22,Samuel Amo-Ameyaw,eng ENG,"FW,DF",Southampton,18.0,2006.0,2,0,28,0.3,0,0,0
23,Mathis Amougou,fr FRA,MF,Chelsea,18.0,2006.0,1,0,8,0.1,0,0,0
24,Joachim Andersen,dk DEN,DF,Crystal  Palace,28.0,1996.0,1,1,90,1.0,0,0,0
26,Elliot Anderson,eng ENG,MF,Nott'ham  Forest,21.0,2002.0,37,33,2728,30.3,2,6,8
27,AndrÃ©,br BRA,MF,Wolves,23.0,2001.0,33,31,2472,27.5,0,0,0
28,Michail Antonio,jm JAM,FW,West Ham,34.0,1990.0,14,11,836,9.3,1,1,2
29,Antony,br BRA,"DF,MF",Manchester  Utd,24.0,2000.0,8,0,141,1.6,0,0,0
30,Julian Araujo,mx MEX,DF,Bournemouth,22.0,2001.0,12,7,497,5.5,0,0,0
31,Cameron Archer,eng ENG,FW,Southampton,23.0,2001.0,35,13,1441,16.0,2,0,2
32,Alphonse Areola,fr FRA,GK,West Ham,31.0,1993.0,26,25,2260,25.1,0,0,0
33,Joe Aribo,ng NGA,"MF,DF",Southampton,28.0,1996.0,32,21,2013,22.4,3,0,3
34,Adam Armstrong,eng ENG,"FW,MF",Southampton,27.0,1997.0,20,15,1248,13.9,2,2,4
35,Harrison Armstrong,eng ENG,MF,Everton,17.0,2007.0,3,0,48,0.5,0,0,0
36,Kepa Arrizabalaga,es ESP,GK,Bournemouth,29.0,1994.0,31,31,2790,31.0,0,0,0
37,Marco Asensio,es ESP,MF,Aston Villa,28.0,1996.0,13,9,743,8.3,3,1,4
38,Brandon Austin,eng ENG,GK,Tottenham,25.0,1999.0,1,1,90,1.0,0,0,0
39,Taiwo Awoniyi,ng NGA,FW,Nott'ham  Forest,26.0,1997.0,26,3,416,4.6,1,0,1
40,Yasin Ayari,se SWE,MF,Brighton,20.0,2003.0,34,22,1965,21.8,2,1,3
41,Jordan Ayew,gh GHA,"FW,MF",Crystal  Palace,32.0,1991.0,1,0,21,0.2,0,0,0
43,BenoÃ®t Badiashile,fr FRA,DF,Chelsea,23.0,2001.0,5,3,334,3.7,0,0,0
44,Leon Bailey,jm JAM,"FW,MF",Aston Villa,26.0,1997.0,24,14,1139,12.7,1,2,3
45,Carlos Baleba,cm CMR,MF,Brighton,20.0,2004.0,34,31,2661,29.6,3,1,4
46,Ross Barkley,eng ENG,MF,Aston Villa,30.0,1993.0,20,3,581,6.5,3,1,4
47,Harvey Barnes,eng ENG,FW,Newcastle  Utd,26.0,1997.0,33,17,1755,19.5,9,4,13
48,Calvin Bassey,ng NGA,DF,Fulham,24.0,1999.0,35,34,3074,34.2,1,0,1
49,Altay BayÄ±ndÄ±r,tr TUR,GK,Manchester  Utd,26.0,1998.0,4,4,360,4.0,0,0,0
50,Jan Bednarek,pl POL,DF,Southampton,28.0,1996.0,30,30,2531,28.1,2,0,2
51,Armel Bella Kotchap,de GER,DF,Southampton,22.0,2001.0,4,2,331,3.7,0,0,0
52,Jean-Ricner Bellegarde,fr FRA,"MF,FW",Wolves,26.0,1998.0,35,20,1677,18.6,2,7,9
53,Rodrigo Bentancur,uy URU,MF,Tottenham,27.0,1997.0,26,21,1645,18.3,2,0,2
54,Daniel Bentley,eng ENG,GK,Wolves,31.0,1993.0,2,2,180,2.0,0,0,0
55,Sander Berge,no NOR,MF,Fulham,26.0,1998.0,31,26,2224,24.7,0,0,0
56,Lucas Bergvall,se SWE,MF,Tottenham,18.0,2006.0,27,11,1212,13.5,0,1,1
57,Victor Bernth Kristiansen,dk DEN,DF,Leicester  City,21.0,2002.0,30,29,2482,27.6,0,1,1
58,Beto,gw GNB,FW,Everton,26.0,1998.0,30,15,1534,17.0,8,0,8
59,Philip Billing,dk DEN,MF,Bournemouth,28.0,1996.0,10,1,184,2.0,0,0,0
60,Yves Bissouma,ml MLI,MF,Tottenham,27.0,1996.0,28,16,1408,15.6,2,0,2
61,Oscar Bobb,no NOR,FW,Manchester  City,21.0,2003.0,3,0,16,0.2,0,0,0
62,Lamare Bogarde,nl NED,"DF,MF",Aston Villa,20.0,2004.0,8,5,476,5.3,0,0,0
63,Willy Boly,ci CIV,DF,Nott'ham  Forest,33.0,1991.0,6,1,150,1.7,0,0,0
64,Sven Botman,nl NED,DF,Newcastle  Utd,24.0,2000.0,8,6,412,4.6,0,0,0
65,Jarrod Bowen,eng ENG,"FW,MF",West Ham,27.0,1996.0,34,34,2973,33.0,13,8,21
66,Conor Bradley,nir NIR,DF,Liverpool,21.0,2003.0,19,7,754,8.4,0,2,2
67,Jarrad Branthwaite,eng ENG,DF,Everton,22.0,2002.0,30,28,2511,27.9,0,1,1
68,James Bree,eng ENG,DF,Southampton,26.0,1997.0,17,13,1075,11.9,0,1,1
69,Ben Brereton,cl CHI,FW,Southampton,25.0,1999.0,10,4,449,5.0,0,0,0
70,Nathan Broadhead,wls WAL,"MF,FW",Ipswich Town,26.0,1998.0,18,7,702,7.8,2,0,2
71,Armando Broja,al ALB,FW,Everton,22.0,2001.0,10,4,334,3.7,0,0,0
72,David Brooks,wls WAL,"FW,MF",Bournemouth,27.0,1997.0,29,9,960,10.7,2,0,2
73,Emi BuendÃ­a,ar ARG,"MF,FW",Aston Villa,27.0,1996.0,12,0,98,1.1,0,0,0
74,Santiago Bueno,uy URU,DF,Wolves,25.0,1998.0,29,18,1687,18.7,0,0,0
75,Facundo Buonanotte,ar ARG,"FW,MF",Leicester  City,19.0,2004.0,31,14,1523,16.9,5,2,7
76,Cameron Burgess,au AUS,DF,Ipswich Town,28.0,1995.0,18,16,1541,17.1,0,2,2
77,Dan Burn,eng ENG,DF,Newcastle  Utd,32.0,1992.0,37,37,3330,37.0,1,1,2
78,Wes Burns,wls WAL,"FW,DF",Ipswich Town,29.0,1994.0,18,12,926,10.3,0,1,1
79,Nathan Butler-Oyedeji,eng ENG,FW,Arsenal,21.0,2003.0,1,0,7,0.1,0,0,0
80,MoisÃ©s Caicedo,ec ECU,"MF,DF",Chelsea,22.0,2001.0,38,38,3351,37.2,1,2,3
81,Tom Cairney,sct SCO,MF,Fulham,33.0,1991.0,25,3,628,7.0,2,0,2
82,Jens Cajuste,se SWE,MF,Ipswich Town,24.0,1999.0,30,25,1959,21.8,1,1,2
83,Riccardo Calafiori,it ITA,DF,Arsenal,22.0,2002.0,19,11,983,10.9,2,1,3
84,Dominic Calvert-Lewin,eng ENG,FW,Everton,27.0,1997.0,26,19,1609,17.9,3,1,4
85,Diego Carlos,br BRA,DF,Aston Villa,31.0,1993.0,10,8,830,9.2,0,0,0
86,Fabio Carvalho,pt POR,"FW,MF",Brentford,21.0,2002.0,19,3,455,5.1,2,1,3
87,Casemiro,br BRA,MF,Manchester  Utd,32.0,1992.0,24,18,1494,16.6,1,0,1
88,Kaelan Casey,eng ENG,DF,West Ham,19.0,2004.0,1,0,1,0.0,0,0,0
89,Matty Cash,pl POL,DF,Aston Villa,26.0,1997.0,27,24,2070,23.0,1,1,2
90,Eiran Cashin,ie IRL,DF,Brighton,22.0,2001.0,2,0,20,0.2,0,0,0
91,Timothy Castagne,be BEL,DF,Fulham,28.0,1995.0,24,17,1649,18.3,0,1,1
92,Trevoh Chalobah,eng ENG,DF,Crystal  Palace,25.0,1999.0,12,12,1060,11.8,3,0,3
94,Conor Chaplin,eng ENG,"MF,FW",Ipswich Town,27.0,1997.0,22,10,857,9.5,1,1,2
95,Youssef Chermiti,pt POR,"FW,MF",Everton,20.0,2004.0,4,0,45,0.5,0,0,0
96,Federico Chiesa,it ITA,FW,Liverpool,26.0,1997.0,6,1,108,1.2,0,0,0
97,Ben Chilwell,eng ENG,DF,Crystal  Palace,27.0,1996.0,8,1,259,2.9,1,0,1
98,Chiquinho,pt POR,MF,Wolves,24.0,2000.0,1,0,7,0.1,0,0,0
99,Hamza Choudhury,bd BAN,"MF,DF",Leicester  City,26.0,1997.0,4,1,131,1.5,0,0,0
100,Ryan Christie,sct SCO,MF,Bournemouth,29.0,1995.0,29,27,2117,23.5,2,3,5
101,Harry Clarke,eng ENG,DF,Ipswich Town,23.0,2001.0,7,4,379,4.2,0,0,0
102,Jack Clarke,eng ENG,"FW,MF",Ipswich Town,23.0,2000.0,32,12,1181,13.1,0,4,4
103,Nathaniel Clyne,eng ENG,"DF,MF",Crystal  Palace,33.0,1991.0,13,5,483,5.4,0,0,0
104,Conor Coady,eng ENG,DF,Leicester  City,31.0,1993.0,22,19,1714,19.0,1,0,1
105,SÃ©amus Coleman,ie IRL,DF,Everton,35.0,1988.0,5,3,215,2.4,0,0,0
106,Nathan Collins,ie IRL,DF,Brentford,23.0,2001.0,38,38,3420,38.0,2,3,5
107,Toby Collyer,eng ENG,MF,Manchester  Utd,20.0,2004.0,6,0,179,2.0,0,0,0
108,Levi Colwill,eng ENG,DF,Chelsea,21.0,2003.0,35,35,3149,35.0,2,1,3
109,Lewis Cook,eng ENG,"MF,DF",Bournemouth,27.0,1997.0,36,32,2978,33.1,1,3,4
110,Maxwel Cornet,ci CIV,FW,Southampton,27.0,1996.0,2,1,72,0.8,0,0,0
111,VladimÃ­r Coufal,cz CZE,DF,West Ham,31.0,1992.0,22,11,1067,11.9,0,0,0
112,Woyo Coulibaly,ml MLI,DF,Leicester  City,25.0,1999.0,4,1,109,1.2,0,0,0
113,Aaron Cresswell,eng ENG,DF,West Ham,34.0,1989.0,18,10,824,9.2,0,0,0
114,Marc Cucurella,es ESP,DF,Chelsea,26.0,1998.0,36,33,2988,33.2,5,1,6
115,Jorge Cuenca,es ESP,DF,Fulham,24.0,1999.0,8,4,351,3.9,0,0,0
116,Matheus Cunha,br BRA,"MF,FW",Wolves,25.0,1999.0,33,29,2597,28.9,15,6,21
117,Patson Daka,zm ZAM,"FW,MF",Leicester  City,25.0,1998.0,23,6,736,8.2,1,0,1
118,Diogo Dalot,pt POR,DF,Manchester  Utd,25.0,1999.0,33,31,2814,31.3,0,3,3
119,Mikkel Damsgaard,dk DEN,"MF,FW",Brentford,24.0,2000.0,38,34,2911,32.3,2,10,12
120,Danilo,br BRA,"MF,FW",Nott'ham  Forest,23.0,2001.0,8,5,275,3.1,0,0,0
121,Jayden Danns,eng ENG,MF,Liverpool,18.0,2006.0,1,0,11,0.1,0,0,0
122,Kevin Danso,at AUT,DF,Tottenham,25.0,1998.0,10,9,842,9.4,0,0,0
123,Ben Davies,wls WAL,DF,Tottenham,31.0,1993.0,17,14,1331,14.8,0,0,0
124,Leif Davis,eng ENG,DF,Ipswich Town,24.0,2000.0,33,32,2743,30.5,1,2,3
125,Craig Dawson,eng ENG,DF,Wolves,34.0,1990.0,15,10,971,10.8,0,0,0
126,Kevin De Bruyne,be BEL,"MF,FW",Manchester  City,33.0,1991.0,28,19,1702,18.9,4,7,11
127,Bobby De Cordova-Reid,jm JAM,FW,Leicester  City,31.0,1993.0,23,9,744,8.3,1,2,3
128,Liam Delap,eng ENG,FW,Ipswich Town,21.0,2003.0,37,32,2593,28.8,12,2,14
129,Sepp van den Berg,nl NED,DF,Brentford,22.0,2001.0,31,29,2586,28.7,0,0,0
130,Justin Devenny,nir NIR,MF,Crystal  Palace,20.0,2003.0,23,4,507,5.6,1,1,2
131,Kiernan Dewsbury-Hall,eng ENG,"MF,FW",Chelsea,25.0,1998.0,13,2,264,2.9,0,1,1
132,Amad Diallo,ci CIV,"MF,FW",Manchester  Utd,22.0,2002.0,26,20,1901,21.1,8,6,14
133,RÃºben Dias,pt POR,DF,Manchester  City,27.0,1997.0,27,25,2271,25.2,0,0,0
134,Luis DÃ­az,co COL,FW,Liverpool,27.0,1997.0,36,28,2399,26.7,13,5,18
135,Tyler Dibling,eng ENG,"FW,MF",Southampton,18.0,2006.0,33,20,1874,20.8,2,0,2
136,Lucas Digne,fr FRA,DF,Aston Villa,31.0,1993.0,32,28,2351,26.1,0,4,4
137,Issa Diop,fr FRA,DF,Fulham,27.0,1997.0,21,15,1339,14.9,0,0,0
138,Axel Disasi,fr FRA,DF,Aston Villa,26.0,1998.0,7,5,490,5.4,0,0,0
140,Roman Dixon,eng ENG,DF,Everton,19.0,2004.0,1,1,90,1.0,0,0,0
141,Nasser Djiga,bf BFA,DF,Wolves,21.0,2002.0,5,1,66,0.7,0,0,0
142,Matt Doherty,ie IRL,DF,Wolves,32.0,1992.0,30,25,2109,23.4,2,1,3
143,Jeremy Doku,be BEL,"FW,MF",Manchester  City,22.0,2002.0,29,16,1516,16.8,3,6,9
144,NicolÃ¡s DomÃ­nguez,ar ARG,"MF,FW",Nott'ham  Forest,26.0,1998.0,34,23,1963,21.8,0,1,1
145,Patrick Dorgu,dk DEN,DF,Manchester  Utd,19.0,2004.0,12,10,842,9.4,0,0,0
146,Alfie Dorrington,eng ENG,DF,Tottenham,19.0,2005.0,1,0,14,0.2,0,0,0
147,Abdoulaye DoucourÃ©,ml MLI,MF,Everton,31.0,1993.0,33,31,2564,28.5,3,2,5
148,Cheick DoucourÃ©,ml MLI,MF,Crystal  Palace,24.0,2000.0,13,4,452,5.0,0,0,0
149,Flynn Downes,eng ENG,MF,Southampton,25.0,1999.0,27,25,2151,23.9,1,0,1
150,Tommy Doyle,eng ENG,MF,Wolves,22.0,2001.0,24,3,488,5.4,0,1,1
151,Radu DrÄguÈin,ro ROU,DF,Tottenham,22.0,2002.0,16,14,1252,13.9,0,0,0
152,Martin DÃºbravka,sk SVK,GK,Newcastle  Utd,35.0,1989.0,10,10,900,10.0,0,0,0
153,Lewis Dunk,eng ENG,DF,Brighton,32.0,1991.0,25,23,2083,23.1,0,0,0
154,JÃ¡der DurÃ¡n,co COL,FW,Aston Villa,20.0,2003.0,20,4,638,7.1,7,0,7
155,Claudio Echeverri,ar ARG,FW,Manchester  City,18.0,2006.0,1,0,6,0.1,0,0,0
156,Ederson,br BRA,GK,Manchester  City,30.0,1993.0,26,26,2320,25.8,0,4,4
157,George Edmundson,eng ENG,DF,Ipswich Town,26.0,1997.0,1,0,2,0.0,0,0,0
158,Odsonne Ãdouard,fr FRA,"MF,FW",Crystal  Palace,26.0,1998.0,2,1,115,1.3,0,0,0
160,Samuel Edozie,eng ENG,"DF,FW",Southampton,21.0,2003.0,2,0,65,0.7,0,0,0
161,Ronnie Edwards,eng ENG,DF,Southampton,21.0,2003.0,1,0,12,0.1,0,0,0
162,Anthony Elanga,se SWE,"FW,MF",Nott'ham  Forest,22.0,2002.0,38,31,2501,27.8,6,11,17
163,Harvey Elliott,eng ENG,MF,Liverpool,21.0,2003.0,18,2,371,4.1,1,2,3
164,Yunus Emre Konak,tr TUR,"FW,MF",Brentford,18.0,2006.0,10,0,42,0.5,0,0,0
165,Julio Enciso,py PAR,"MF,FW",Ipswich Town,20.0,2004.0,13,12,869,9.7,2,3,5
167,Wataru Endo,jp JPN,"MF,DF",Liverpool,31.0,1993.0,20,1,273,3.0,0,0,0
168,Christian Eriksen,dk DEN,MF,Manchester  Utd,32.0,1992.0,23,11,1061,11.8,1,2,3
169,Romain Esse,eng ENG,MF,Crystal  Palace,19.0,2005.0,7,1,138,1.5,1,1,2
170,Pervis EstupiÃ±Ã¡n,ec ECU,DF,Brighton,26.0,1998.0,30,26,2402,26.7,1,1,2
171,Evanilson,br BRA,FW,Bournemouth,24.0,1999.0,31,28,2319,25.8,10,1,11
173,Jonny Evans,nir NIR,DF,Manchester  Utd,36.0,1988.0,7,3,315,3.5,0,0,0
174,Eberechi Eze,eng ENG,"MF,FW",Crystal  Palace,26.0,1998.0,34,31,2588,28.8,8,8,16
175,Åukasz FabiaÅski,pl POL,GK,West Ham,39.0,1985.0,14,13,1160,12.9,0,0,0
176,Wout Faes,be BEL,DF,Leicester  City,26.0,1998.0,34,30,2815,31.3,1,0,1
177,Abdul Fatawu Issahaku,gh GHA,FW,Leicester  City,20.0,2004.0,11,6,579,6.4,0,2,2
178,JoÃ£o FÃ©lix,pt POR,"FW,MF",Chelsea,24.0,1999.0,12,3,369,4.1,1,1,2
179,Evan Ferguson,ie IRL,FW,West Ham,19.0,2004.0,8,1,156,1.7,0,0,0
181,Bruno Fernandes,pt POR,MF,Manchester  Utd,29.0,1994.0,36,35,3018,33.5,8,10,18
182,Mateus Fernandes,pt POR,MF,Southampton,20.0,2004.0,36,34,2909,32.3,2,4,6
183,Enzo FernÃ¡ndez,ar ARG,MF,Chelsea,23.0,2001.0,36,32,2947,32.7,6,7,13
184,Mark Flekken,nl NED,GK,Brentford,31.0,1993.0,37,37,3275,36.4,0,2,2
185,Phil Foden,eng ENG,"MF,FW",Manchester  City,24.0,2000.0,28,20,1777,19.7,7,2,9
186,Wesley Fofana,fr FRA,DF,Chelsea,23.0,2000.0,14,14,1172,13.0,0,0,0
187,Carlos Forbs,pt POR,"MF,FW",Wolves,20.0,2004.0,10,1,239,2.7,0,0,0
188,Fraser Forster,eng ENG,GK,Tottenham,36.0,1988.0,7,7,630,7.0,0,0,0
189,Matheus FranÃ§a,br BRA,"MF,FW",Crystal  Palace,20.0,2004.0,4,0,55,0.6,1,0,1
190,Ryan Fraser,sct SCO,"FW,DF",Southampton,30.0,1994.0,8,4,306,3.4,0,0,0
191,Tyler Fredricson,eng ENG,DF,Manchester  Utd,19.0,2005.0,2,2,165,1.8,0,0,0
192,Niclas FÃ¼llkrug,de GER,FW,West Ham,31.0,1993.0,18,6,790,8.8,3,2,5
193,Cody Gakpo,nl NED,FW,Liverpool,25.0,1999.0,35,23,1935,21.5,10,4,14
194,Idrissa Gana Gueye,sn SEN,MF,Everton,34.0,1989.0,37,35,3063,34.0,0,3,3
195,AndrÃ©s GarcÃ­a,es ESP,"DF,MF",Aston Villa,21.0,2003.0,7,5,318,3.5,0,0,0
196,Alejandro Garnacho,ar ARG,"MF,FW",Manchester  Utd,20.0,2004.0,36,23,2199,24.4,6,2,8
197,James Garner,eng ENG,"MF,DF",Everton,23.0,2001.0,21,17,1594,17.7,0,1,1
198,Tyrique George,eng ENG,FW,Chelsea,18.0,2006.0,8,1,183,2.0,1,1,2
199,Morgan Gibbs-White,eng ENG,MF,Nott'ham  Forest,24.0,2000.0,34,34,2803,31.1,7,8,15
200,Billy Gilmour,sct SCO,MF,Brighton,23.0,2001.0,2,1,98,1.1,0,0,0
201,Ben Godfrey,eng ENG,DF,Ipswich Town,26.0,1998.0,3,2,159,1.8,0,0,0
202,Martial Godo,eng ENG,"FW,DF",Fulham,21.0,2003.0,2,0,24,0.3,0,0,0
203,Michael Golding,eng ENG,MF,Leicester  City,18.0,2006.0,1,0,1,0.0,0,0,0
204,JoÃ£o Gomes,br BRA,MF,Wolves,23.0,2001.0,36,35,2974,33.0,3,1,4
205,Rodrigo Gomes,pt POR,"DF,FW",Wolves,21.0,2003.0,25,7,810,9.0,2,0,2
206,Toti Gomes,pt POR,DF,Wolves,25.0,1999.0,31,30,2614,29.0,0,1,1
207,Diego GÃ³mez,py PAR,MF,Brighton,21.0,2003.0,16,4,516,5.7,1,0,1
208,Joe Gomez,eng ENG,DF,Liverpool,27.0,1997.0,9,6,519,5.8,0,0,0
209,NicolÃ¡s GonzÃ¡lez,es ESP,MF,Manchester  City,22.0,2002.0,11,9,760,8.4,1,0,1
210,Anthony Gordon,eng ENG,"FW,MF",Newcastle  Utd,23.0,2001.0,34,28,2434,27.0,6,5,11
211,Ryan Gravenberch,nl NED,MF,Liverpool,22.0,2002.0,37,37,3160,35.1,0,4,4
212,Archie Gray,eng ENG,"DF,MF",Tottenham,18.0,2006.0,28,19,1751,19.5,0,0,0
213,Jack Grealish,eng ENG,"FW,MF",Manchester  City,28.0,1995.0,20,7,721,8.0,1,1,2
214,Jacob Greaves,eng ENG,DF,Ipswich Town,23.0,2000.0,25,25,2205,24.5,1,0,1
215,Brajan Gruda,de GER,"MF,FW",Brighton,20.0,2004.0,21,8,687,7.6,1,4,5
216,Albert GrÃ¸nbaek,dk DEN,"FW,MF",Southampton,23.0,2001.0,4,2,143,1.6,0,0,0
217,GonÃ§alo Guedes,pt POR,"MF,FW",Wolves,27.0,1996.0,29,10,995,11.1,2,4,6
218,Marc GuÃ©hi,eng ENG,DF,Crystal  Palace,24.0,2000.0,34,34,3059,34.0,3,2,5
219,Luis Guilherme,br BRA,"MF,FW",West Ham,18.0,2006.0,12,1,150,1.7,0,0,0
220,Bruno GuimarÃ£es,br BRA,MF,Newcastle  Utd,26.0,1997.0,38,38,3271,36.3,5,6,11
221,Marc Guiu,es ESP,FW,Chelsea,18.0,2006.0,3,0,73,0.8,0,0,0
222,Ä°lkay GÃ¼ndoÄan,de GER,MF,Manchester  City,33.0,1990.0,33,25,2223,24.7,1,6,7
223,Malo Gusto,fr FRA,DF,Chelsea,21.0,2003.0,32,19,1862,20.7,0,1,1
224,JoÅ¡ko Gvardiol,hr CRO,DF,Manchester  City,22.0,2002.0,37,36,3277,36.4,5,0,5
225,Erling Haaland,no NOR,FW,Manchester  City,24.0,2000.0,31,31,2736,30.4,22,3,25
226,Lewis Hall,eng ENG,DF,Newcastle  Utd,19.0,2004.0,27,24,2189,24.3,0,4,4
227,Ali Al Hamadi,iq IRQ,FW,Ipswich Town,22.0,2002.0,11,0,134,1.5,0,0,0
228,Marcus Harness,eng ENG,MF,Ipswich Town,28.0,1996.0,2,0,45,0.5,0,0,0
229,Jack Harrison,eng ENG,FW,Everton,27.0,1996.0,34,24,2076,23.1,1,0,1
230,Taylor Harwood-Bellis,eng ENG,DF,Southampton,22.0,2002.0,34,32,2825,31.4,1,0,1
231,Kai Havertz,de GER,"FW,MF",Arsenal,25.0,1999.0,23,21,1875,20.8,9,3,12
232,Ayden Heaven,eng ENG,DF,Manchester  Utd,17.0,2006.0,4,2,170,1.9,0,0,0
233,Jan Paul van Hecke,nl NED,DF,Brighton,24.0,2000.0,34,33,2958,32.9,1,1,2
234,Hwang Hee-chan,kr KOR,"MF,FW",Wolves,28.0,1996.0,21,5,661,7.3,2,0,2
235,Dean Henderson,eng ENG,GK,Crystal  Palace,27.0,1997.0,38,38,3420,38.0,0,0,0
236,Rico Henry,eng ENG,DF,Brentford,27.0,1997.0,5,0,99,1.1,0,0,0
237,Mads Hermansen,dk DEN,GK,Leicester  City,24.0,2000.0,27,27,2385,26.5,0,0,0
238,Son Heung-min,kr KOR,FW,Tottenham,32.0,1992.0,30,24,2110,23.4,7,9,16
239,James Hill,eng ENG,DF,Bournemouth,22.0,2002.0,10,6,448,5.0,0,1,1
240,Jack Hinshelwood,eng ENG,"MF,DF",Brighton,19.0,2005.0,26,22,1842,20.5,5,2,7
241,George Hirst,sct SCO,FW,Ipswich Town,25.0,1999.0,26,5,661,7.3,3,1,4
242,Mason Holgate,jm JAM,"FW,DF",Everton,27.0,1996.0,1,0,6,0.1,0,0,0
243,Harry Howell,eng ENG,FW,Brighton,15.0,2008.0,1,0,7,0.1,0,0,0
244,Callum Hudson-Odoi,eng ENG,"FW,MF",Nott'ham  Forest,23.0,2000.0,31,25,2194,24.4,5,2,7
245,Will Hughes,eng ENG,MF,Crystal  Palace,29.0,1995.0,33,24,2108,23.4,0,3,3
246,Dean Huijsen,es ESP,DF,Bournemouth,19.0,2005.0,32,26,2427,27.0,3,2,5
247,Omari Hutchinson,eng ENG,"MF,FW",Ipswich Town,20.0,2003.0,31,30,2583,28.7,3,2,5
248,Rasmus HÃ¸jlund,dk DEN,FW,Manchester  Utd,21.0,2003.0,32,23,2004,22.3,4,0,4
249,Igor,br BRA,DF,Brighton,26.0,1998.0,13,10,961,10.7,0,0,0
250,Danny Ings,eng ENG,"FW,MF",West Ham,32.0,1992.0,15,1,284,3.2,1,2,3
251,Tim Iroegbunam,eng ENG,MF,Everton,21.0,2003.0,18,5,574,6.4,0,1,1
252,Andy Irving,sct SCO,MF,West Ham,24.0,2000.0,10,1,166,1.8,0,0,0
253,Alexander Isak,se SWE,FW,Newcastle  Utd,24.0,1999.0,34,34,2756,30.6,23,6,29
254,Alex Iwobi,ng NGA,"FW,MF",Fulham,28.0,1996.0,38,35,2981,33.1,9,6,15
255,Nicolas Jackson,sn SEN,FW,Chelsea,23.0,2001.0,30,28,2220,24.7,10,5,15
256,Reece James,eng ENG,"DF,MF",Chelsea,24.0,1999.0,19,12,1063,11.8,1,1,2
257,Vitaly Janelt,de GER,MF,Brentford,26.0,1998.0,32,27,2254,25.0,1,3,4
258,Vitezslav Jaros,cz CZE,GK,Liverpool,23.0,2001.0,1,0,12,0.1,0,0,0
259,Daniel Jebbison,ca CAN,FW,Bournemouth,20.0,2003.0,16,0,119,1.3,1,0,1
260,Mathias Jensen,dk DEN,MF,Brentford,28.0,1996.0,24,8,862,9.6,0,2,2
261,Gabriel Jesus,br BRA,FW,Arsenal,27.0,1997.0,17,6,608,6.8,3,0,3
262,RaÃºl JimÃ©nez,mx MEX,FW,Fulham,33.0,1991.0,38,30,2494,27.7,12,3,15
263,Kim Jisoo,kr KOR,DF,Brentford,19.0,2004.0,3,0,30,0.3,0,0,0
264,JoÃ£o Pedro,br BRA,"FW,MF",Brighton,22.0,2001.0,27,23,1948,21.6,10,6,16
265,Joelinton,br BRA,"MF,FW",Newcastle  Utd,27.0,1996.0,29,29,2393,26.6,4,3,7
266,Ben Johnson,eng ENG,"DF,FW",Ipswich Town,24.0,2000.0,23,14,1354,15.0,1,2,3
267,Brennan Johnson,wls WAL,FW,Tottenham,23.0,2001.0,33,24,2177,24.2,11,3,14
268,Sam Johnstone,eng ENG,GK,Wolves,31.0,1993.0,7,7,630,7.0,0,0,0
269,Curtis Jones,eng ENG,"MF,DF",Liverpool,23.0,2001.0,33,19,1712,19.0,3,3,6
270,Jorginho,it ITA,MF,Arsenal,32.0,1991.0,15,9,704,7.8,0,0,0
271,Diogo Jota,pt POR,FW,Liverpool,27.0,1996.0,26,14,1196,13.3,6,3,9
272,James Justin,eng ENG,DF,Leicester  City,26.0,1998.0,36,34,2912,32.4,2,2,4
273,Filip JÃ¸rgensen,dk DEN,GK,Chelsea,22.0,2002.0,6,6,540,6.0,0,0,0
274,Ferdi Kadioglu,tr TUR,"DF,MF",Brighton,24.0,1999.0,6,5,385,4.3,1,0,1
275,Daichi Kamada,jp JPN,MF,Crystal  Palace,27.0,1996.0,34,15,1564,17.4,0,0,0
276,Boubacar Kamara,fr FRA,MF,Aston Villa,24.0,1999.0,26,20,1726,19.2,1,0,1
277,Joachim Kayi Sanda,fr FRA,DF,Southampton,17.0,2006.0,2,0,14,0.2,0,0,0
278,Michael Kayode,it ITA,DF,Brentford,20.0,2004.0,12,6,528,5.9,0,1,1
279,Michael Keane,eng ENG,DF,Everton,31.0,1993.0,14,11,1049,11.7,3,0,3
280,CaoimhÃ­n Kelleher,ie IRL,GK,Liverpool,25.0,1998.0,10,10,900,10.0,0,0,0
281,Lloyd Kelly,eng ENG,DF,Newcastle  Utd,25.0,1998.0,10,4,303,3.4,0,1,1
282,Milos Kerkez,hu HUN,DF,Bournemouth,20.0,2003.0,38,38,3336,37.1,2,5,7
283,Bilal El Khannouss,ma MAR,"MF,FW",Leicester  City,20.0,2004.0,32,27,2182,24.2,2,3,5
284,Abdukodir Khusanov,uz UZB,DF,Manchester  City,20.0,2004.0,6,6,503,5.6,0,0,0
285,Max Kilman,eng ENG,DF,West Ham,27.0,1997.0,38,38,3348,37.2,0,1,1
286,Joshua King,eng ENG,MF,Fulham,17.0,2007.0,8,1,130,1.4,0,0,0
287,Tom King,wls WAL,GK,Wolves,29.0,1995.0,1,0,1,0.0,0,0,0
288,AntonÃ­n KinskÃ½,cz CZE,GK,Tottenham,21.0,2003.0,6,6,540,6.0,0,0,0
289,Jakub Kiwior,pl POL,DF,Arsenal,24.0,2000.0,17,10,1122,12.5,1,0,1
290,Justin Kluivert,nl NED,MF,Bournemouth,25.0,1999.0,34,29,2340,26.0,12,6,18
291,Ibrahima KonatÃ©,fr FRA,DF,Liverpool,25.0,1999.0,31,30,2560,28.4,1,2,3
292,Ezri Konsa,eng ENG,DF,Aston Villa,26.0,1997.0,34,33,2936,32.6,2,0,2
293,Mateo KovaÄiÄ,hr CRO,MF,Manchester  City,30.0,1994.0,31,25,2198,24.4,6,2,8
294,Caleb Kporha,eng ENG,DF,Crystal  Palace,18.0,2006.0,2,0,13,0.1,0,0,0
295,Emil Krafth,se SWE,DF,Newcastle  Utd,29.0,1994.0,12,2,342,3.8,0,0,0
296,Mohammed Kudus,gh GHA,"FW,MF",West Ham,23.0,2000.0,32,31,2590,28.8,5,3,8
297,Dejan Kulusevski,se SWE,"MF,FW",Tottenham,24.0,2000.0,32,27,2389,26.5,7,4,11
298,Maxence Lacroix,fr FRA,DF,Crystal  Palace,24.0,2000.0,35,35,3116,34.6,1,1,2
299,Adam Lallana,eng ENG,MF,Southampton,36.0,1988.0,14,5,361,4.0,0,2,2
300,Tariq Lamptey,gh GHA,DF,Brighton,23.0,2000.0,15,10,860,9.6,2,2,4
301,Will Lankshear,eng ENG,"FW,MF",Tottenham,19.0,2005.0,3,0,11,0.1,0,0,0
302,RomÃ©o Lavia,be BEL,MF,Chelsea,20.0,2004.0,16,11,797,8.9,0,1,1
303,Mario Lemina,ga GAB,"MF,DF",Wolves,30.0,1993.0,17,15,1364,15.2,1,3,4
304,Bernd Leno,de GER,GK,Fulham,32.0,1992.0,38,38,3420,38.0,0,1,1
305,Jefferson Lerma,co COL,"MF,DF",Crystal  Palace,29.0,1994.0,33,26,2274,25.3,0,1,1
306,Rico Lewis,eng ENG,"DF,MF",Manchester  City,19.0,2004.0,28,21,1893,21.0,1,2,3
307,Keane Lewis-Potter,eng ENG,"DF,FW",Brentford,23.0,2001.0,38,36,3093,34.4,1,3,4
308,Myles Lewis-Skelly,eng ENG,DF,Arsenal,17.0,2006.0,23,15,1369,15.2,1,0,1
309,Matthijs de Ligt,nl NED,DF,Manchester  Utd,24.0,1999.0,29,25,2123,23.6,2,0,2
310,Pedro Lima,br BRA,DF,Wolves,18.0,2006.0,3,1,70,0.8,0,0,0
311,Victor LindelÃ¶f,se SWE,DF,Manchester  Utd,30.0,1994.0,16,6,704,7.8,0,0,0
312,Jesper LindstrÃ¸m,dk DEN,FW,Everton,24.0,2000.0,25,15,1239,13.8,0,1,1
313,Valentino Livramento,eng ENG,DF,Newcastle  Utd,21.0,2002.0,37,32,2840,31.6,0,1,1
314,Sean Longstaff,eng ENG,MF,Newcastle  Utd,26.0,1997.0,25,8,798,8.9,0,0,0
315,SaÅ¡a LukiÄ,rs SRB,MF,Fulham,27.0,1996.0,30,28,2344,26.0,0,2,2
316,Joe Lumley,eng ENG,GK,Southampton,29.0,1995.0,3,3,270,3.0,0,0,0
317,Massimo Luongo,au AUS,MF,Ipswich Town,31.0,1992.0,11,2,201,2.2,0,0,0
318,Ian Maatsen,nl NED,DF,Aston Villa,22.0,2002.0,29,10,1139,12.7,1,2,3
319,Alexis Mac Allister,ar ARG,MF,Liverpool,25.0,1998.0,35,30,2599,28.9,5,5,10
320,James Maddison,eng ENG,MF,Tottenham,27.0,1996.0,31,21,1809,20.1,9,7,16
321,Noni Madueke,eng ENG,FW,Chelsea,22.0,2002.0,32,27,2033,22.6,7,3,10
322,Gabriel MagalhÃ£es,br BRA,DF,Arsenal,26.0,1997.0,28,28,2363,26.3,3,1,4
323,Edmond-Paris Maghoma,eng ENG,"MF,FW",Brentford,23.0,2001.0,8,0,119,1.3,0,0,0
324,Harry Maguire,eng ENG,DF,Manchester  Utd,31.0,1993.0,27,19,1758,19.5,1,0,1
325,Kobbie Mainoo,eng ENG,MF,Manchester  Utd,19.0,2005.0,25,19,1651,18.3,0,0,0
326,Tyrell Malacia,nl NED,DF,Manchester  Utd,24.0,1999.0,3,2,100,1.1,0,0,0
327,Donyell Malen,nl NED,FW,Aston Villa,25.0,1999.0,14,2,305,3.4,3,0,3
329,Orel Mangala,be BEL,MF,Everton,26.0,1998.0,19,14,1261,14.0,1,0,1
330,Ryan Manning,ie IRL,"DF,MF",Southampton,28.0,1996.0,24,18,1462,16.2,0,1,1
331,Solly March,eng ENG,"FW,MF",Brighton,30.0,1994.0,8,1,168,1.9,0,0,0
332,Omar Marmoush,eg EGY,"FW,MF",Manchester  City,25.0,1999.0,16,14,1175,13.1,7,0,7
333,Gabriel Martinelli,br BRA,"FW,MF",Arsenal,23.0,2001.0,33,25,2290,25.4,8,4,12
334,Emiliano MartÃ­nez,ar ARG,GK,Aston Villa,31.0,1992.0,37,37,3194,35.5,0,0,0
335,Lisandro MartÃ­nez,ar ARG,DF,Manchester  Utd,26.0,1998.0,20,20,1751,19.5,2,1,3
336,Pape Matar Sarr,sn SEN,MF,Tottenham,21.0,2002.0,36,22,1913,21.3,3,2,5
337,Jean-Philippe Mateta,fr FRA,FW,Crystal  Palace,27.0,1997.0,37,33,2648,29.4,14,2,16
338,Stephy Mavididi,eng ENG,FW,Leicester  City,26.0,1998.0,30,16,1615,17.9,4,1,5
339,Konstantinos Mavropanos,gr GRE,DF,West Ham,26.0,1997.0,33,21,2045,22.7,0,0,0
340,Noussair Mazraoui,ma MAR,DF,Manchester  Utd,26.0,1997.0,37,34,2838,31.5,0,1,1
341,Bryan Mbeumo,cm CMR,FW,Brentford,24.0,1999.0,38,38,3414,37.9,20,7,27
342,James Mcatee,eng ENG,"MF,FW",Manchester  City,21.0,2002.0,15,3,349,3.9,3,0,3
343,Kasey McAteer,ie IRL,FW,Leicester  City,22.0,2001.0,18,9,852,9.5,1,1,2
344,Alex McCarthy,eng ENG,GK,Southampton,34.0,1989.0,5,5,450,5.0,0,0,0
345,John McGinn,sct SCO,"MF,FW",Aston Villa,29.0,1994.0,34,27,2223,24.7,1,4,5
346,Dwight McNeil,eng ENG,"MF,FW",Everton,24.0,1999.0,21,15,1371,15.2,4,6,10
347,Scott McTominay,sct SCO,MF,Manchester  Utd,27.0,1996.0,2,0,19,0.2,0,0,0
348,Ben Mee,eng ENG,DF,Brentford,34.0,1989.0,7,2,183,2.0,0,0,0
349,Jayden Meghoma,eng ENG,DF,Brentford,18.0,2006.0,1,0,5,0.1,0,0,0
350,Mikel Merino,es ESP,"MF,FW",Arsenal,28.0,1996.0,28,17,1586,17.6,7,2,9
351,Shumaira Mheuka,eng ENG,MF,Chelsea,16.0,2007.0,1,0,1,0.0,0,0,0
352,Nikola MilenkoviÄ,rs SRB,DF,Nott'ham  Forest,26.0,1997.0,37,37,3330,37.0,5,2,7
353,Lewis Miley,eng ENG,MF,Newcastle  Utd,18.0,2006.0,14,1,313,3.5,1,0,1
354,James Milner,eng ENG,MF,Brighton,38.0,1986.0,4,3,170,1.9,0,0,0
355,Tyrone Mings,eng ENG,DF,Aston Villa,31.0,1993.0,14,12,1120,12.4,0,0,0
356,Yankuba Minteh,gm GAM,"FW,MF",Brighton,20.0,2004.0,32,20,1838,20.4,6,4,10
357,Tyrick Mitchell,eng ENG,DF,Crystal  Palace,24.0,1999.0,37,37,3092,34.4,0,5,5
358,Kaoru Mitoma,jp JPN,"FW,MF",Brighton,27.0,1997.0,36,28,2603,28.9,10,4,14
359,Jakub Moder,pl POL,MF,Brighton,25.0,1999.0,4,0,11,0.1,0,0,0
361,Mikey Moore,eng ENG,FW,Tottenham,16.0,2007.0,10,3,366,4.1,0,1,1
362,Morato,br BRA,DF,Nott'ham  Forest,23.0,2001.0,26,6,907,10.1,0,0,0
363,Ãlex Moreno,es ESP,"DF,MF",Nott'ham  Forest,31.0,1993.0,15,11,955,10.6,0,1,1
364,Sam Morsy,eg EGY,MF,Ipswich Town,32.0,1991.0,33,31,2751,30.6,1,1,2
365,Yerson Mosquera,co COL,DF,Wolves,23.0,2001.0,5,5,441,4.9,0,0,0
366,Mason Mount,eng ENG,MF,Manchester  Utd,25.0,1999.0,17,8,622,6.9,1,0,1
367,Divin Mubama,eng ENG,FW,Manchester  City,19.0,2004.0,1,0,28,0.3,0,0,0
368,Mykhailo Mudryk,ua UKR,FW,Chelsea,23.0,2001.0,7,1,151,1.7,0,0,0
369,Marshall Munetsi,zw ZIM,"MF,FW",Wolves,28.0,1996.0,14,12,1078,12.0,2,1,3
370,Rodrigo Muniz,br BRA,FW,Fulham,23.0,2001.0,31,8,964,10.7,8,1,9
371,Daniel MuÃ±oz,co COL,DF,Crystal  Palace,28.0,1996.0,37,37,3228,35.9,4,5,9
372,Arijanet Muric,xk KVX,GK,Ipswich Town,25.0,1998.0,18,18,1620,18.0,0,0,0
373,Murillo,br BRA,DF,Nott'ham  Forest,22.0,2002.0,36,36,3188,35.4,2,0,2
374,Jacob Murphy,eng ENG,FW,Newcastle  Utd,29.0,1995.0,35,31,2360,26.2,8,12,20
375,Vitaliy Mykolenko,ua UKR,DF,Everton,25.0,1999.0,35,35,3082,34.2,1,2,3
376,Iliman Ndiaye,sn SEN,FW,Everton,24.0,2000.0,33,29,2430,27.0,9,0,9
377,Wilfred Ndidi,ng NGA,MF,Leicester  City,27.0,1996.0,28,28,2324,25.8,0,5,5
378,Kosta NedeljkoviÄ,rs SRB,DF,Aston Villa,18.0,2005.0,5,0,126,1.4,0,0,0
379,Reiss Nelson,eng ENG,FW,Arsenal,24.0,1999.0,1,0,3,0.0,0,0,0
381,Neto,br BRA,GK,Bournemouth,35.0,1989.0,2,2,180,2.0,0,0,0
382,Pedro Neto,pt POR,FW,Chelsea,24.0,2000.0,35,24,2269,25.2,4,6,10
383,Eddie Nketiah,eng ENG,"FW,MF",Crystal  Palace,25.0,1999.0,29,9,1034,11.5,3,1,4
384,Christopher Nkunku,fr FRA,FW,Chelsea,26.0,1997.0,27,9,921,10.2,3,2,5
385,Gustavo Nunes,br BRA,"FW,MF",Brentford,18.0,2005.0,3,0,12,0.1,0,0,0
386,Matheus Nunes,pt POR,"DF,MF",Manchester  City,25.0,1998.0,26,19,1674,18.6,1,6,7
387,Darwin NÃºÃ±ez,uy URU,FW,Liverpool,25.0,1999.0,30,8,1133,12.6,5,2,7
388,Ethan Nwaneri,eng ENG,"FW,MF",Arsenal,17.0,2007.0,26,11,895,9.9,4,2,6
389,Christian NÃ¸rgaard,dk DEN,MF,Brentford,30.0,1994.0,34,34,2819,31.3,5,4,9
390,Jake O'Brien,ie IRL,DF,Everton,23.0,2001.0,20,17,1571,17.5,2,0,2
391,Matt O'Riley,dk DEN,MF,Brighton,23.0,2000.0,21,11,938,10.4,2,2,4
392,Dara O'Shea,ie IRL,DF,Ipswich Town,25.0,1999.0,35,35,3122,34.7,0,2,2
393,Chidozie Obi-Martin,dk DEN,FW,Manchester  Utd,16.0,2007.0,7,1,165,1.8,0,0,0
394,Wilson Odobert,fr FRA,"FW,MF",Tottenham,19.0,2004.0,16,9,850,9.4,1,0,1
395,Chiedozie Ogbene,ie IRL,FW,Ipswich Town,27.0,1997.0,5,3,238,2.6,0,0,0
396,Caleb Okoli,it ITA,DF,Leicester  City,23.0,2001.0,19,12,1125,12.5,1,0,1
397,Robin Olsen,se SWE,GK,Aston Villa,34.0,1990.0,4,1,226,2.5,0,0,0
398,Amadou Onana,be BEL,MF,Aston Villa,22.0,2001.0,26,20,1617,18.0,3,0,3
399,AndrÃ© Onana,cm CMR,GK,Manchester  Utd,28.0,1996.0,34,34,3060,34.0,0,0,0
400,Paul Onuachu,ng NGA,FW,Southampton,30.0,1994.0,25,11,1050,11.7,4,1,5
401,Frank Onyeka,ng NGA,MF,Brentford,26.0,1998.0,2,0,25,0.3,0,0,0
402,Lewis Orford,eng ENG,MF,West Ham,18.0,2006.0,2,0,49,0.5,0,0,0
403,Stefan Ortega,de GER,GK,Manchester  City,31.0,1992.0,13,12,1100,12.2,0,0,0
404,William Osula,dk DEN,FW,Newcastle  Utd,20.0,2003.0,14,0,134,1.5,1,0,1
405,Dango Ouattara,bf BFA,FW,Bournemouth,22.0,2002.0,32,21,2005,22.3,7,4,11
406,Nico OâReilly,eng ENG,DF,Manchester  City,19.0,2005.0,9,6,528,5.9,2,0,2
407,Alex Palmer,eng ENG,GK,Ipswich Town,27.0,1996.0,13,13,1170,13.0,0,0,0
408,Cole Palmer,eng ENG,"MF,FW",Chelsea,22.0,2002.0,37,36,3191,35.5,15,8,23
409,Emerson Palmieri,it ITA,DF,West Ham,29.0,1994.0,31,26,2113,23.5,2,1,3
410,Lucas PaquetÃ¡,br BRA,"MF,FW",West Ham,26.0,1997.0,33,27,2380,26.4,4,0,4
411,Thomas Partey,gh GHA,"MF,DF",Arsenal,31.0,1993.0,35,31,2797,31.1,4,2,6
412,Nathan Patterson,sct SCO,DF,Everton,22.0,2001.0,10,3,347,3.9,0,1,1
413,Andreas Pereira,br BRA,MF,Fulham,28.0,1996.0,33,25,2013,22.4,2,4,6
414,Ricardo Pereira,pt POR,DF,Leicester  City,30.0,1993.0,10,4,388,4.3,0,0,0
415,Kalvin Phillips,eng ENG,MF,Ipswich Town,28.0,1995.0,19,14,1237,13.7,0,0,0
416,Jaden Philogene Bidace,eng ENG,"FW,MF",Aston Villa,22.0,2002.0,11,2,332,3.7,0,0,0
418,Jordan Pickford,eng ENG,GK,Everton,30.0,1994.0,38,38,3420,38.0,0,1,1
419,Ethan Pinnock,jm JAM,DF,Brentford,31.0,1993.0,22,21,1913,21.3,2,0,2
420,Daniel Podence,pt POR,"MF,FW",Wolves,28.0,1995.0,2,0,48,0.5,0,0,0
421,Alfie Pond,eng ENG,DF,Wolves,20.0,2004.0,1,0,1,0.0,0,0,0
422,Nick Pope,eng ENG,GK,Newcastle  Utd,32.0,1992.0,28,28,2520,28.0,0,0,0
423,Pedro Porro,es ESP,DF,Tottenham,24.0,1999.0,33,28,2610,29.0,2,6,8
424,Jarell Quansah,eng ENG,DF,Liverpool,21.0,2003.0,13,4,495,5.5,0,0,0
425,HÃ¡kon Rafn Valdimarsson,is ISL,GK,Brentford,22.0,2001.0,2,1,145,1.6,0,0,0
426,Aaron Ramsdale,eng ENG,GK,Southampton,26.0,1998.0,30,30,2700,30.0,0,0,0
427,Jacob Ramsey,eng ENG,"FW,MF",Aston Villa,23.0,2001.0,29,19,1623,18.0,1,3,4
428,Marcus Rashford,eng ENG,"FW,MF",Manchester  Utd,26.0,1997.0,15,12,978,10.9,4,1,5
430,David Raya,es ESP,GK,Arsenal,28.0,1995.0,38,38,3420,38.0,0,0,0
431,Harrison Reed,eng ENG,MF,Fulham,29.0,1995.0,12,0,108,1.2,0,0,0
432,Remy Rees-Dottin,eng ENG,FW,Bournemouth,18.0,2006.0,1,0,1,0.0,0,0,0
433,Sergio ReguilÃ³n,es ESP,DF,Tottenham,27.0,1996.0,4,1,196,2.2,0,0,0
434,Vitor Reis,br BRA,DF,Manchester  City,18.0,2006.0,1,0,1,0.0,0,0,0
435,Chadi Riad,ma MAR,DF,Crystal  Palace,21.0,2003.0,1,1,90,1.0,0,0,0
436,Declan Rice,eng ENG,MF,Arsenal,25.0,1999.0,35,33,2825,31.4,4,7,11
437,Chris Richards,us USA,DF,Crystal  Palace,24.0,2000.0,24,22,1922,21.4,1,0,1
438,Richarlison,br BRA,FW,Tottenham,27.0,1997.0,15,4,504,5.6,4,1,5
439,Andrew Robertson,sct SCO,DF,Liverpool,30.0,1994.0,33,29,2482,27.6,0,1,1
440,Antonee Robinson,us USA,DF,Fulham,26.0,1997.0,36,35,3167,35.2,0,10,10
441,Jay Robinson,eng ENG,"MF,FW",Southampton,17.0,2007.0,4,1,137,1.5,0,0,0
442,Rodri,es ESP,MF,Manchester  City,28.0,1996.0,3,1,73,0.8,0,0,0
443,Guido RodrÃ­guez,ar ARG,MF,West Ham,30.0,1994.0,23,16,1149,12.8,0,1,1
444,Mads Roerslev,dk DEN,DF,Brentford,25.0,1999.0,19,11,1101,12.2,0,2,2
445,Morgan Rogers,eng ENG,"FW,MF",Aston Villa,22.0,2002.0,37,37,3114,34.6,8,10,18
446,Cristian Romero,ar ARG,DF,Tottenham,26.0,1998.0,18,18,1416,15.7,1,0,1
447,Georginio Rutter,fr FRA,"MF,FW",Brighton,22.0,2002.0,28,19,1656,18.4,5,3,8
448,JosÃ© SÃ¡,pt POR,GK,Wolves,31.0,1993.0,29,29,2609,29.0,0,0,0
449,Bukayo Saka,eng ENG,"FW,MF",Arsenal,22.0,2001.0,25,20,1729,19.2,6,10,16
450,Mohamed Salah,eg EGY,FW,Liverpool,32.0,1992.0,38,38,3371,37.5,29,18,47
451,William Saliba,fr FRA,DF,Arsenal,23.0,2001.0,35,35,3039,33.8,2,0,2
452,Robert SÃ¡nchez,es ESP,GK,Chelsea,26.0,1997.0,32,32,2880,32.0,0,0,0
453,Jadon Sancho,eng ENG,FW,Chelsea,24.0,2000.0,31,19,1764,19.6,3,4,7
454,Ibrahim SangarÃ©,ci CIV,MF,Nott'ham  Forest,26.0,1997.0,13,7,590,6.6,0,1,1
455,Pablo Sarabia,es ESP,"MF,FW",Wolves,32.0,1992.0,23,7,814,9.0,3,2,5
456,Jeremy Sarmiento,ec ECU,MF,Brighton,22.0,2002.0,1,0,9,0.1,0,0,0
457,Ismaila Sarr,sn SEN,MF,Crystal  Palace,26.0,1998.0,38,30,2711,30.1,8,6,14
458,SÃ¡vio,br BRA,"FW,MF",Manchester  City,20.0,2004.0,29,21,1766,19.6,1,8,9
459,Oliver Scarles,eng ENG,"DF,FW",West Ham,18.0,2005.0,15,7,665,7.4,0,0,0
460,Dane Scarlett,eng ENG,"FW,MF",Tottenham,20.0,2004.0,3,0,34,0.4,0,1,1
461,Kevin Schade,de GER,FW,Brentford,22.0,2001.0,38,26,2293,25.5,11,2,13
462,Fabian SchÃ¤r,ch SUI,DF,Newcastle  Utd,32.0,1991.0,34,33,2934,32.6,4,0,4
463,Jeffrey Schlupp,gh GHA,"MF,DF",Crystal  Palace,31.0,1992.0,12,0,103,1.1,0,0,0
464,Alex Scott,eng ENG,MF,Bournemouth,20.0,2003.0,20,8,755,8.4,0,0,0
465,Matz Sels,be BEL,GK,Nott'ham  Forest,32.0,1992.0,38,38,3420,38.0,0,0,0
466,NÃ©lson Semedo,pt POR,DF,Wolves,30.0,1993.0,34,32,2886,32.1,0,4,4
467,Antoine Semenyo,gh GHA,FW,Bournemouth,24.0,2000.0,37,36,3203,35.6,11,5,16
468,Marcos Senesi,ar ARG,DF,Bournemouth,27.0,1997.0,17,13,1106,12.3,0,0,0
469,Ryan Sessegnon,eng ENG,"FW,DF",Fulham,24.0,2000.0,16,7,580,6.4,4,2,6
470,Luke Shaw,eng ENG,DF,Manchester  Utd,29.0,1995.0,7,4,349,3.9,0,0,0
471,Zain Silcott-Duberry,ms MSR,FW,Bournemouth,19.0,2005.0,1,0,1,0.0,0,0,0
472,Bernardo Silva,pt POR,"MF,FW",Manchester  City,29.0,1994.0,33,29,2670,29.7,4,4,8
473,Jota Silva,pt POR,"FW,MF",Nott'ham  Forest,24.0,1999.0,31,5,854,9.5,3,1,4
474,Eric da Silva Moreira,de GER,"MF,DF",Nott'ham  Forest,18.0,2006.0,2,0,30,0.3,0,0,0
475,Jahmai Simpson-Pusey,eng ENG,DF,Manchester  City,18.0,2005.0,2,1,96,1.1,0,0,0
476,Luis Sinisterra,co COL,"FW,MF",Bournemouth,25.0,1999.0,12,1,236,2.6,1,1,2
477,Oliver Skipp,eng ENG,MF,Leicester  City,23.0,2000.0,24,10,1129,12.5,0,0,0
478,William Smallbone,ie IRL,MF,Southampton,24.0,2000.0,18,6,690,7.7,1,0,1
479,Adam Smith,eng ENG,DF,Bournemouth,33.0,1991.0,25,19,1590,17.7,0,0,0
480,Emile Smith Rowe,eng ENG,MF,Fulham,24.0,2000.0,34,25,2043,22.7,6,3,9
481,Dominic Solanke,eng ENG,FW,Tottenham,26.0,1997.0,27,25,2201,24.5,9,3,12
482,Carlos Soler,es ESP,"MF,FW",West Ham,27.0,1997.0,31,14,1409,15.7,1,1,2
483,Julio Soler,ar ARG,"DF,FW",Bournemouth,19.0,2005.0,3,0,11,0.1,0,0,0
484,RamÃ³n Sosa,py PAR,"FW,MF",Nott'ham  Forest,24.0,1999.0,19,1,295,3.3,1,0,1
485,TomÃ¡Å¡ SouÄek,cz CZE,MF,West Ham,29.0,1995.0,35,30,2567,28.5,9,1,10
486,Boubakary SoumarÃ©,fr FRA,MF,Leicester  City,25.0,1999.0,31,25,2171,24.1,0,0,0
487,Djed Spence,eng ENG,DF,Tottenham,23.0,2000.0,25,19,1792,19.9,1,2,3
488,Jay Stansfield,eng ENG,MF,Fulham,21.0,2002.0,1,0,1,0.0,0,0,0
489,Jason Steele,eng ENG,GK,Brighton,33.0,1990.0,2,2,180,2.0,0,0,0
490,Jack Stephens,eng ENG,DF,Southampton,30.0,1994.0,19,17,1389,15.4,1,0,1
491,Raheem Sterling,eng ENG,"FW,MF",Arsenal,29.0,1994.0,17,7,499,5.5,0,2,2
492,Ross Stewart,sct SCO,FW,Southampton,28.0,1996.0,12,4,389,4.3,1,0,1
493,Jakub Stolarczyk,pl POL,GK,Leicester  City,23.0,2000.0,10,10,900,10.0,0,0,0
494,John Stones,eng ENG,"DF,MF",Manchester  City,30.0,1994.0,11,6,548,6.1,2,0,2
495,JÃ¸rgen Strand Larsen,no NOR,FW,Wolves,24.0,2000.0,35,30,2587,28.7,14,4,18
496,Yukinari Sugawara,jp JPN,"DF,MF",Southampton,24.0,2000.0,30,16,1557,17.3,1,1,2
497,Kamaldeen Sulemana,gh GHA,"FW,MF",Southampton,22.0,2002.0,26,17,1402,15.6,1,1,2
498,Crysencio Summerville,nl NED,"FW,MF",West Ham,22.0,2001.0,19,7,786,8.7,1,1,2
499,Sammie Szmodics,ie IRL,"FW,MF",Ipswich Town,28.0,1995.0,20,13,992,11.0,4,0,4
500,Dominik Szoboszlai,hu HUN,MF,Liverpool,23.0,2000.0,36,29,2491,27.7,6,6,12
501,Matt Targett,eng ENG,DF,Newcastle  Utd,28.0,1995.0,2,0,21,0.2,0,0,0
502,James Tarkowski,eng ENG,DF,Everton,31.0,1992.0,33,33,2922,32.5,1,1,2
503,Marcus Tavernier,eng ENG,"FW,MF",Bournemouth,25.0,1999.0,29,20,1939,21.5,3,5,8
504,Charlie Taylor,eng ENG,DF,Southampton,30.0,1993.0,8,3,356,4.0,0,0,0
505,Jack Taylor,ie IRL,MF,Ipswich Town,26.0,1998.0,32,4,860,9.6,1,0,1
506,Mathys Tel,fr FRA,FW,Tottenham,19.0,2005.0,13,11,911,10.1,2,1,3
507,Kenny Tete,nl NED,DF,Fulham,28.0,1995.0,22,21,1774,19.7,0,2,2
508,Thiago,br BRA,"FW,MF",Brentford,23.0,2001.0,8,1,175,1.9,0,0,0
509,Luke Thomas,eng ENG,DF,Leicester  City,23.0,2001.0,14,13,1110,12.3,0,0,0
510,Youri Tielemans,be BEL,MF,Aston Villa,27.0,1997.0,36,35,3026,33.6,3,7,10
511,Kieran Tierney,sct SCO,"DF,FW",Arsenal,27.0,1997.0,13,2,259,2.9,1,0,1
512,JurriÃ«n Timber,nl NED,DF,Arsenal,23.0,2001.0,30,27,2417,26.9,1,3,4
513,Jean-Clair Todibo,fr FRA,DF,West Ham,24.0,1999.0,27,20,1825,20.3,0,0,0
514,Harry Toffolo,eng ENG,DF,Nott'ham  Forest,28.0,1995.0,4,1,137,1.5,0,0,0
515,Takehiro Tomiyasu,jp JPN,DF,Arsenal,25.0,1998.0,1,0,7,0.1,0,0,0
516,Sandro Tonali,it ITA,MF,Newcastle  Utd,24.0,2000.0,36,28,2630,29.2,4,2,6
517,Pau Torres,es ESP,DF,Aston Villa,27.0,1997.0,24,23,2020,22.4,0,0,0
518,Conor Townsend,eng ENG,DF,Ipswich Town,31.0,1993.0,6,3,335,3.7,0,1,1
519,Adama TraorÃ©,es ESP,"FW,MF",Fulham,28.0,1996.0,36,18,1772,19.7,2,7,9
520,Boubacar TraorÃ©,ml MLI,MF,Wolves,22.0,2001.0,1,0,1,0.0,0,0,0
521,Mark Travers,ie IRL,GK,Bournemouth,25.0,1999.0,5,5,450,5.0,0,0,0
522,Ryan Trevitt,eng ENG,MF,Brentford,21.0,2003.0,1,0,4,0.0,0,0,0
523,Kieran Trippier,eng ENG,DF,Newcastle  Utd,33.0,1990.0,25,14,1309,14.5,0,3,3
524,Leandro Trossard,be BEL,FW,Arsenal,29.0,1994.0,38,28,2546,28.3,8,7,15
525,Kostas Tsimikas,gr GRE,DF,Liverpool,28.0,1996.0,18,9,837,9.3,0,1,1
526,Axel Tuanzebe,cd COD,DF,Ipswich Town,26.0,1997.0,22,20,1710,19.0,0,1,1
527,Destiny Udogie,it ITA,DF,Tottenham,21.0,2002.0,25,24,1924,21.4,0,1,1
528,Manuel Ugarte Ribeiro,uy URU,MF,Manchester  Utd,23.0,2001.0,29,22,1785,19.8,1,2,3
529,Lesley Ugochukwu,fr FRA,MF,Southampton,20.0,2004.0,26,18,1655,18.4,1,1,2
530,Enes Ãnal,tr TUR,"FW,MF",Bournemouth,27.0,1997.0,17,2,345,3.8,2,1,3
531,Virgil van Dijk,nl NED,DF,Liverpool,33.0,1991.0,37,37,3330,37.0,3,1,4
532,Jamie Vardy,eng ENG,FW,Leicester  City,37.0,1987.0,35,35,2823,31.4,9,4,13
533,Renato Veiga,pt POR,"DF,MF",Chelsea,21.0,2003.0,7,1,181,2.0,0,0,0
534,JoÃ«l Veltman,nl NED,DF,Brighton,32.0,1992.0,21,19,1697,18.9,0,0,0
535,Micky van de Ven,nl NED,DF,Tottenham,23.0,2001.0,13,12,1015,11.3,0,2,2
536,Bart Verbruggen,nl NED,GK,Brighton,21.0,2002.0,36,36,3240,36.0,0,1,1
537,Jannik Vestergaard,dk DEN,DF,Leicester  City,31.0,1992.0,18,16,1391,15.5,0,0,0
538,Guglielmo Vicario,it ITA,GK,Tottenham,27.0,1996.0,24,24,2160,24.0,0,0,0
539,Carlos VinÃ­cius,br BRA,"MF,FW",Fulham,29.0,1995.0,3,0,16,0.2,0,0,0
540,Kyle Walker,eng ENG,DF,Manchester  City,34.0,1990.0,15,9,970,10.8,0,0,0
541,Kyle Walker-Peters,eng ENG,DF,Southampton,27.0,1997.0,33,33,2918,32.4,0,2,2
542,Christian Walton,eng ENG,GK,Ipswich Town,28.0,1995.0,7,7,630,7.0,0,0,0
543,Aaron Wan-Bissaka,eng ENG,DF,West Ham,26.0,1997.0,36,35,3154,35.0,2,5,7
544,Danny Ward,wls WAL,GK,Leicester  City,31.0,1993.0,2,1,135,1.5,0,0,0
545,Joel Ward,eng ENG,DF,Crystal  Palace,34.0,1989.0,2,1,71,0.8,0,0,0
546,James Ward-Prowse,eng ENG,MF,West Ham,29.0,1994.0,15,12,1039,11.5,1,1,2
548,Ollie Watkins,eng ENG,FW,Aston Villa,28.0,1995.0,38,31,2598,28.9,16,8,24
549,Adam Webster,eng ENG,DF,Brighton,29.0,1995.0,14,11,887,9.9,0,0,0
550,Danny Welbeck,eng ENG,FW,Brighton,33.0,1990.0,30,24,2115,23.5,10,4,14
551,Welington,br BRA,DF,Southampton,23.0,2001.0,10,6,482,5.4,0,0,0
552,Timo Werner,de GER,"FW,MF",Tottenham,28.0,1996.0,18,4,516,5.7,0,3,3
553,Adam Wharton,eng ENG,MF,Crystal  Palace,20.0,2004.0,20,16,1318,14.6,0,2,2
554,Ben White,eng ENG,DF,Arsenal,26.0,1997.0,17,13,1198,13.3,0,2,2
555,Mats Wieffer,nl NED,"DF,MF",Brighton,24.0,1999.0,25,10,1015,11.3,1,3,4
556,Neco Williams,wls WAL,DF,Nott'ham  Forest,23.0,2001.0,35,28,2594,28.8,1,3,4
557,Willian,br BRA,"FW,MF",Fulham,35.0,1988.0,10,2,257,2.9,0,0,0
558,Joe Willock,eng ENG,"MF,FW",Newcastle  Utd,24.0,1999.0,32,11,1086,12.1,0,2,2
559,Callum Wilson,eng ENG,FW,Newcastle  Utd,32.0,1992.0,18,2,370,4.1,0,0,0
560,Harry Wilson,wls WAL,"FW,MF",Fulham,27.0,1997.0,25,12,1162,12.9,6,1,7
561,Harry Winks,eng ENG,MF,Leicester  City,28.0,1996.0,22,17,1538,17.1,0,2,2
562,Ben Winterburn,eng ENG,"MF,FW",Bournemouth,19.0,2004.0,4,0,24,0.3,0,0,0
563,Yoane Wissa,cd COD,FW,Brentford,27.0,1996.0,35,34,2919,32.4,19,4,23
564,Chris Wood,nz NZL,FW,Nott'ham  Forest,32.0,1991.0,36,35,2959,32.9,20,3,23
565,Nathan Wood-Gordon,eng ENG,DF,Southampton,22.0,2002.0,11,9,773,8.6,0,0,0
566,Luke Woolfenden,eng ENG,DF,Ipswich Town,25.0,1998.0,15,12,1187,13.2,0,0,0
567,Yehor Yarmoliuk,ua UKR,MF,Brentford,20.0,2004.0,31,15,1450,16.1,0,0,0
568,Ryan Yates,eng ENG,MF,Nott'ham  Forest,26.0,1997.0,35,18,1915,21.3,2,1,3
569,Leny Yoro,fr FRA,DF,Manchester  Utd,18.0,2005.0,21,12,1165,12.9,0,0,0
570,Ashley Young,eng ENG,DF,Everton,39.0,1985.0,32,19,1875,20.8,1,3,4
571,Illia Zabarnyi,ua UKR,DF,Bournemouth,21.0,2002.0,36,35,3109,34.5,0,1,1
572,Oleksandr Zinchenko,ua UKR,"DF,MF",Arsenal,27.0,1996.0,15,5,527,5.9,0,1,1
573,Joshua Zirkzee,nl NED,"FW,MF",Manchester  Utd,23.0,2001.0,32,14,1402,15.6,3,1,4
574,Martin Ãdegaard,no NOR,MF,Arsenal,25.0,1998.0,30,26,2325,25.8,3,8,11
